Category,Issue,URL
Indexability,Not Self-Referencing,https://www.thesmartcalculator.com/community
Indexability,Not Self-Referencing,https://www.thesmartcalculator.com/auth/signin
Indexability,Not Self-Referencing,https://www.thesmartcalculator.com/profile/Zahan%20Uddin%20Khan
Indexability,Not Self-Referencing,https://www.thesmartcalculator.com/community/post/final-testing-for-admin-dash
Indexability,Not Self-Referencing,https://www.thesmartcalculator.com/profile/Flip%20Jinn
Indexability,Not Self-Referencing,https://www.thesmartcalculator.com/community/post/final-testing-system
Indexability,Not Self-Referencing,https://www.thesmartcalculator.com/community/post/flipp-jinn-zindabad
Indexability,Not Self-Referencing,https://www.thesmartcalculator.com/community/post/34251516rafgag
Indexability,Not Self-Referencing,https://www.thesmartcalculator.com/community/post/dasdsadsadsadsa
Indexability,Not Self-Referencing,https://www.thesmartcalculator.com/community/post/adsdsafasf
Indexability,Self-Referencing,https://www.thesmartcalculator.com
Indexability,Self-Referencing,https://www.thesmartcalculator.com/
Indexability,Self-Referencing,https://www.thesmartcalculator.com/about-us
Indexability,Self-Referencing,https://www.thesmartcalculator.com/contact-us
Indexability,Self-Referencing,https://www.thesmartcalculator.com/privacy-policy
Indexability,Self-Referencing,https://www.thesmartcalculator.com/terms-and-conditions
Indexability,Self-Referencing,https://www.thesmartcalculator.com/editorial-policy-mission-statement
Indexability,Self-Referencing,https://www.thesmartcalculator.com/financial
Indexability,Self-Referencing,https://www.thesmartcalculator.com/health
Indexability,Self-Referencing,https://www.thesmartcalculator.com/maths
Indexability,Self-Referencing,https://www.thesmartcalculator.com/physics
Indexability,Self-Referencing,https://www.thesmartcalculator.com/construction
Indexability,Self-Referencing,https://www.thesmartcalculator.com/food
Indexability,Self-Referencing,https://www.thesmartcalculator.com/sports
Indexability,Self-Referencing,https://www.thesmartcalculator.com/games
Indexability,Self-Referencing,https://www.thesmartcalculator.com/other-calculators
Indexability,Self-Referencing,https://www.thesmartcalculator.com/software
Indexability,Self-Referencing,https://www.thesmartcalculator.com/business
Indexability,Self-Referencing,https://www.thesmartcalculator.com/financial/mortgage-calculator
Indexability,Self-Referencing,https://www.thesmartcalculator.com/health/bmi-calculator
Indexability,Self-Referencing,https://www.thesmartcalculator.com/financial/loan-calculator
Indexability,Self-Referencing,https://www.thesmartcalculator.com/maths/percentage-calculator
Indexability,Self-Referencing,https://www.thesmartcalculator.com/financial/compound-interest-calculator
Indexability,Self-Referencing,https://www.thesmartcalculator.com/health/calorie-calculator
Indexability,Self-Referencing,https://www.thesmartcalculator.com/creator/realynn-reed
Indexability,Self-Referencing,https://www.thesmartcalculator.com/creator/felix-yacoub
Indexability,Self-Referencing,https://www.thesmartcalculator.com/creator/antonio-ares
Indexability,Self-Referencing,https://www.thesmartcalculator.com/creator/simon-stephen
Indexability,Self-Referencing,https://www.thesmartcalculator.com/creator/aiden-asher
Indexability,Self-Referencing,https://www.thesmartcalculator.com/creator/neo-nicholas
Indexability,Self-Referencing,https://www.thesmartcalculator.com/creator/hudson-hale
Indexability,Self-Referencing,https://www.thesmartcalculator.com/creator/jessica-adam
Indexability,Self-Referencing,https://www.thesmartcalculator.com/financial/inflation-calculator
Indexability,Self-Referencing,https://www.thesmartcalculator.com/financial/interest-calculator
Indexability,Self-Referencing,https://www.thesmartcalculator.com/financial/payment-calculator
Indexability,Self-Referencing,https://www.thesmartcalculator.com/financial/finance-calculator
Indexability,Self-Referencing,https://www.thesmartcalculator.com/financial/401k-calculator
Indexability,Self-Referencing,https://www.thesmartcalculator.com/financial/debt-payoff-calculator
Indexability,Self-Referencing,https://www.thesmartcalculator.com/financial/house-affordability-calculator
Indexability,Self-Referencing,https://www.thesmartcalculator.com/financial/estate-tax-calculator
Indexability,Self-Referencing,https://www.thesmartcalculator.com/financial/credit-card-payoff-calculator
Indexability,Self-Referencing,https://www.thesmartcalculator.com/financial/credit-card-calculator
Indexability,Self-Referencing,https://www.thesmartcalculator.com/financial/annuity-payout-calculator
Indexability,Self-Referencing,https://www.thesmartcalculator.com/financial/annuity-calculator
Indexability,Self-Referencing,https://www.thesmartcalculator.com/financial/social-security-calculator
Indexability,Self-Referencing,https://www.thesmartcalculator.com/financial/pension-calculator
Indexability,Self-Referencing,https://www.thesmartcalculator.com/financial/savings-calculator
Indexability,Self-Referencing,https://www.thesmartcalculator.com/financial/marriage-calculator
Indexability,Self-Referencing,https://www.thesmartcalculator.com/financial/sales-tax-calculator
Indexability,Self-Referencing,https://www.thesmartcalculator.com/financial/rent-calculator
Indexability,Self-Referencing,https://www.thesmartcalculator.com/financial/interest-rate-calculator
Indexability,Self-Referencing,https://www.thesmartcalculator.com/financial/income-tax-calculator
Indexability,Self-Referencing,https://www.thesmartcalculator.com/financial/salary-calculator
Indexability,Self-Referencing,https://www.thesmartcalculator.com/financial/auto-loan-calculator
Indexability,Self-Referencing,https://www.thesmartcalculator.com/financial/amortization-calculator
Indexability,Self-Referencing,https://www.thesmartcalculator.com/financial/mortgage-payoff-calculator
Indexability,Self-Referencing,https://www.thesmartcalculator.com/financial/currency-calculator
Indexability,Self-Referencing,https://www.thesmartcalculator.com/financial/investment-calculator
Indexability,Self-Referencing,https://www.thesmartcalculator.com/financial/retirement-calculator
Indexability,Self-Referencing,https://www.thesmartcalculator.com/health/pregnancy-calculator
Indexability,Self-Referencing,https://www.thesmartcalculator.com/health/pregnancy-conception-calculator
Indexability,Self-Referencing,https://www.thesmartcalculator.com/health/pregnancy-weight-gain-calculator
Indexability,Self-Referencing,https://www.thesmartcalculator.com/health/calories-burned-calculator
Indexability,Self-Referencing,https://www.thesmartcalculator.com/health/due-date-calculator
Indexability,Self-Referencing,https://www.thesmartcalculator.com/health/pace-calculator
Indexability,Self-Referencing,https://www.thesmartcalculator.com/health/one-rep-max-calculator
Indexability,Self-Referencing,https://www.thesmartcalculator.com/health/army-body-fat-calculator
Indexability,Self-Referencing,https://www.thesmartcalculator.com/health/target-heart-rate-calculator
Indexability,Self-Referencing,https://www.thesmartcalculator.com/health/protein-calculator
Indexability,Self-Referencing,https://www.thesmartcalculator.com/health/healthy-weight-calculator
Indexability,Self-Referencing,https://www.thesmartcalculator.com/health/fat-intake-calculator
Indexability,Self-Referencing,https://www.thesmartcalculator.com/health/carbohydrate-calculator
Indexability,Self-Referencing,https://www.thesmartcalculator.com/health/ovulation-calculator
Indexability,Self-Referencing,https://www.thesmartcalculator.com/health/lean-body-mass-calculator
Indexability,Self-Referencing,https://www.thesmartcalculator.com/health/tdee-calculator
Indexability,Self-Referencing,https://www.thesmartcalculator.com/health/conception-calculator
Indexability,Self-Referencing,https://www.thesmartcalculator.com/health/gfr-calculator
Indexability,Self-Referencing,https://www.thesmartcalculator.com/health/anorexic-bmi-calculator
Indexability,Self-Referencing,https://www.thesmartcalculator.com/health/ideal-weight-calculator
Indexability,Self-Referencing,https://www.thesmartcalculator.com/health/overweight-calculator
Indexability,Self-Referencing,https://www.thesmartcalculator.com/health/body-type-calculator
Indexability,Self-Referencing,https://www.thesmartcalculator.com/health/period-calculator
Indexability,Self-Referencing,https://www.thesmartcalculator.com/health/bmr-calculator
Indexability,Self-Referencing,https://www.thesmartcalculator.com/health/weight-watchers-points-calculator
Indexability,Self-Referencing,https://www.thesmartcalculator.com/health/body-surface-area-calculator
Indexability,Self-Referencing,https://www.thesmartcalculator.com/health/bac-calculator
Indexability,Self-Referencing,https://www.thesmartcalculator.com/health/body-fat-calculator
Indexability,Self-Referencing,https://www.thesmartcalculator.com/health/macro-calculator
Indexability,Self-Referencing,https://www.thesmartcalculator.com/health/rucking-calorie-calculator
Indexability,Self-Referencing,https://www.thesmartcalculator.com/maths/square-root-curve-calculator
Indexability,Self-Referencing,https://www.thesmartcalculator.com/maths/percent-error-calculator
Indexability,Self-Referencing,https://www.thesmartcalculator.com/maths/critical-point-calculator
Indexability,Self-Referencing,https://www.thesmartcalculator.com/maths/relative-extrema-calculator
Indexability,Self-Referencing,https://www.thesmartcalculator.com/maths/simpsons-rule-calculator
Indexability,Self-Referencing,https://www.thesmartcalculator.com/maths/mean-value-theorem-calculator
Indexability,Self-Referencing,https://www.thesmartcalculator.com/maths/random-number-generator
Indexability,Self-Referencing,https://www.thesmartcalculator.com/maths/scientific-calculator
Indexability,Self-Referencing,https://www.thesmartcalculator.com/maths/volume-calculator
Indexability,Self-Referencing,https://www.thesmartcalculator.com/physics/orthogonal-projection-calculator
Indexability,Self-Referencing,https://www.thesmartcalculator.com/physics/velocity-calculator
Indexability,Self-Referencing,https://www.thesmartcalculator.com/physics/ballistic-coefficient-calculator
Indexability,Self-Referencing,https://www.thesmartcalculator.com/physics/arrow-speed-calculator
Indexability,Self-Referencing,https://www.thesmartcalculator.com/physics/car-jump-distance-calculator
Indexability,Self-Referencing,https://www.thesmartcalculator.com/physics/conservation-of-momentum-calculator
Indexability,Self-Referencing,https://www.thesmartcalculator.com/construction/board-foot-calculator
Indexability,Self-Referencing,https://www.thesmartcalculator.com/construction/paver-base-calculator
Indexability,Self-Referencing,https://www.thesmartcalculator.com/construction/cubic-yard-calculator
Indexability,Self-Referencing,https://www.thesmartcalculator.com/construction/gallons-per-square-foot-calculator
Indexability,Self-Referencing,https://www.thesmartcalculator.com/construction/size-to-weight-rectangular-cuboid-calculator
Indexability,Self-Referencing,https://www.thesmartcalculator.com/construction/square-feet-to-cubic-yards-calculator
Indexability,Self-Referencing,https://www.thesmartcalculator.com/food/butter-calculator
Indexability,Self-Referencing,https://www.thesmartcalculator.com/food/cake-pan-calculator
Indexability,Self-Referencing,https://www.thesmartcalculator.com/food/cooking-measurement-converter
Indexability,Self-Referencing,https://www.thesmartcalculator.com/food/dry-to-cooked-pasta-converter
Indexability,Self-Referencing,https://www.thesmartcalculator.com/food/cups-to-pounds-converter
Indexability,Self-Referencing,https://www.thesmartcalculator.com/sports/batting-average-calculator
Indexability,Self-Referencing,https://www.thesmartcalculator.com/sports/earned-run-average-calculator
Indexability,Self-Referencing,https://www.thesmartcalculator.com/sports/fielding-percentage-calculator
Indexability,Self-Referencing,https://www.thesmartcalculator.com/sports/fielding-independent-pitching-calculator
Indexability,Self-Referencing,https://www.thesmartcalculator.com/sports/magic-number-calculator
Indexability,Self-Referencing,https://www.thesmartcalculator.com/games/wordle
Indexability,Self-Referencing,https://www.thesmartcalculator.com/games/mental-maths
Indexability,Self-Referencing,https://www.thesmartcalculator.com/towing-estimate-calculator
Indexability,Self-Referencing,https://www.thesmartcalculator.com/age-calculator
Indexability,Self-Referencing,https://www.thesmartcalculator.com/piecewise-function-calculator-grapher
Indexability,Self-Referencing,https://www.thesmartcalculator.com/enterprise-seo-roi-calculator
Indexability,Self-Referencing,https://www.thesmartcalculator.com/rpe-calculator
Indexability,Self-Referencing,https://www.thesmartcalculator.com/indiana-child-support-calculator
Indexability,Self-Referencing,https://www.thesmartcalculator.com/time-calculator
Indexability,Self-Referencing,https://www.thesmartcalculator.com/gpa-calculator
Indexability,Self-Referencing,https://www.thesmartcalculator.com/height-calculator
Indexability,Self-Referencing,https://www.thesmartcalculator.com/ip-subnet-calculator
Indexability,Self-Referencing,https://www.thesmartcalculator.com/software/website-cost-calculator
Indexability,Self-Referencing,https://www.thesmartcalculator.com/software/youtube-money-calculator
Indexability,Self-Referencing,https://www.thesmartcalculator.com/software/app-cost-calculator
Indexability,Self-Referencing,https://www.thesmartcalculator.com/business/break-even-calculator
Indexability,Self-Referencing,https://www.thesmartcalculator.com/business/startup-costs-calculator
Indexability,Self-Referencing,https://www.thesmartcalculator.com/how-much-weight-should-i-gain-during-pregnancy
Indexability,Self-Referencing,https://www.thesmartcalculator.com/do-teachers-pay-social-security
Indexability,Self-Referencing,https://www.thesmartcalculator.com/what-is-a-good-monthly-retirement-income-for-a-couple
Indexability,Self-Referencing,https://www.thesmartcalculator.com/what-is-a-cash-balance-pension-plan
Indexability,Self-Referencing,https://www.thesmartcalculator.com/blogs
Indexability,Self-Referencing,https://www.thesmartcalculator.com/how-to-calculate-website-development-cost
Links,Orphan Pages,https://www.thesmartcalculator.com
Links,Only 1 Incoming Link,https://www.thesmartcalculator.com/games/wordle
Links,Only 1 Incoming Link,https://www.thesmartcalculator.com/games/mental-maths
Links,Only 1 Incoming Link,https://www.thesmartcalculator.com/indiana-child-support-calculator
Links,Only 1 Incoming Link,https://www.thesmartcalculator.com/how-to-calculate-website-development-cost
Redirects,Meta Refresh,https://www.thesmartcalculator.com/profile/Zahan%20Uddin%20Khan
Redirects,Meta Refresh,https://www.thesmartcalculator.com/community/post/final-testing-for-admin-dash
Redirects,Meta Refresh,https://www.thesmartcalculator.com/profile/Flip%20Jinn
Redirects,Meta Refresh,https://www.thesmartcalculator.com/community/post/final-testing-system
Redirects,Meta Refresh,https://www.thesmartcalculator.com/community/post/flipp-jinn-zindabad
Redirects,Meta Refresh,https://www.thesmartcalculator.com/community/post/34251516rafgag
Redirects,Meta Refresh,https://www.thesmartcalculator.com/community/post/dasdsadsadsadsa
Redirects,Meta Refresh,https://www.thesmartcalculator.com/community/post/adsdsafasf
Social Tags,Incomplete Open Graph,https://www.thesmartcalculator.com/contact-us
Social Tags,Incomplete Open Graph,https://www.thesmartcalculator.com/privacy-policy
Social Tags,Incomplete Open Graph,https://www.thesmartcalculator.com/terms-and-conditions
Social Tags,Incomplete Open Graph,https://www.thesmartcalculator.com/editorial-policy-mission-statement
Social Tags,Incomplete Open Graph,https://www.thesmartcalculator.com/games
Social Tags,Incomplete Open Graph,https://www.thesmartcalculator.com/financial/salary-calculator
Social Tags,Incomplete Open Graph,https://www.thesmartcalculator.com/maths/square-root-curve-calculator
Social Tags,Incomplete Open Graph,https://www.thesmartcalculator.com/physics/orthogonal-projection-calculator
Social Tags,Incomplete Open Graph,https://www.thesmartcalculator.com/games/mental-maths
Social Tags,Incomplete Open Graph,https://www.thesmartcalculator.com/blogs
Localization,Hreflang Missing Self,https://www.thesmartcalculator.com/community
Localization,Hreflang Missing Self,https://www.thesmartcalculator.com/auth/signin
Localization,Hreflang Missing Self,https://www.thesmartcalculator.com/profile/Zahan%20Uddin%20Khan
Localization,Hreflang Missing Self,https://www.thesmartcalculator.com/community/post/final-testing-for-admin-dash
Localization,Hreflang Missing Self,https://www.thesmartcalculator.com/profile/Flip%20Jinn
Localization,Hreflang Missing Self,https://www.thesmartcalculator.com/community/post/final-testing-system
Localization,Hreflang Missing Self,https://www.thesmartcalculator.com/community/post/flipp-jinn-zindabad
Localization,Hreflang Missing Self,https://www.thesmartcalculator.com/community/post/34251516rafgag
Localization,Hreflang Missing Self,https://www.thesmartcalculator.com/community/post/dasdsadsadsadsa
Localization,Hreflang Missing Self,https://www.thesmartcalculator.com/community/post/adsdsafasf
Localization,Missing X-Default,https://www.thesmartcalculator.com/contact-us
Localization,Missing X-Default,https://www.thesmartcalculator.com/privacy-policy
Localization,Missing X-Default,https://www.thesmartcalculator.com/terms-and-conditions
Localization,Missing X-Default,https://www.thesmartcalculator.com/editorial-policy-mission-statement
Localization,Missing X-Default,https://www.thesmartcalculator.com/financial/salary-calculator
Localization,Missing X-Default,https://www.thesmartcalculator.com/maths/square-root-curve-calculator
Localization,Missing X-Default,https://www.thesmartcalculator.com/physics/orthogonal-projection-calculator
URL Issues,Uppercase URLs,https://www.thesmartcalculator.com/profile/Zahan%20Uddin%20Khan
URL Issues,Uppercase URLs,https://www.thesmartcalculator.com/profile/Flip%20Jinn
